model,forget_qa_rouge_avg,retain_qa_rouge_avg,forget_raw_rouge_avg,retain_raw_rouge_avg,forget_ppl,retain_ppl
nightbloodredux/enhanced-unlearned-rw12b015,0.0498920588021379,0.03404452901394703,0.1533115373828186,0.06125712416826724,36.81310571059622,16.63469105072041
nightbloodredux/inlp-rw12b015-cnpo-fastmid-step-0040-fp16,0.04639564722991769,0.07077219596459735,0.12253589994995455,0.09044922847038293,39.2560314397676,13.991419722006142
