model,forget_qa_rouge,retain_qa_rouge,forget_raw_rouge,retain_raw_rouge,forget_ppl,retain_ppl
nightbloodredux/enhanced-unlearned-rw12b015_int4,0.030158066571110052,0.23101422387136678,0.12509122422915528,0.08564578902280513,40.331276416778564,26.12481379508972
nightbloodredux/enhanced-unlearned-rw12b015_int8,0.0,0.0,0.0,0.004166666666666667,5880817.0,11583935.75
nightbloodredux/inlp-rw12b015-cnpo-fastmid-step-0040-fp16_int4,0.03354284604284605,0.1923520923520924,0.09949944382647385,0.19362398780861168,53.693556785583496,15.407102942466736
nightbloodredux/inlp-rw12b015-cnpo-fastmid-step-0040-fp16_int8,0.0,0.0,0.0,0.0,,
