run_id,model,forget_qa_rouge,retain_qa_rouge,forget_raw_rouge,retain_raw_rouge,forget_ppl,retain_ppl
run_1,nightbloodredux/enhanced-unlearned-rw12b015,0.052550604224349706,0.031144005548180115,0.17365409751165256,0.05821258170322216,36.81310571059622,16.63469105072041
run_1,nightbloodredux/inlp-rw12b015-cnpo-fastmid-step-0040-fp16,0.051755044182748164,0.08175825962822866,0.14548748353096178,0.09137408173851737,39.2560314397676,13.991419722006142
run_2,nightbloodredux/enhanced-unlearned-rw12b015,0.0472335133799261,0.03694505247971394,0.13296897725398465,0.06430166663331231,36.81310571059622,16.63469105072041
run_2,nightbloodredux/inlp-rw12b015-cnpo-fastmid-step-0040-fp16,0.04103625027708722,0.05978613230096604,0.09958431636894732,0.08952437520224849,39.2560314397676,13.991419722006142
